State_Name,District_Name,Court_Efficiency_Index_PCA,Total_Population,Pending cases,Cases_per_Capita,Judicial_Efficiency_Index_per_Capita
HARYANA,KARNAL,0.887635434,1505324,73135,0.04858422505719699,0.04312507969419873
HARYANA,SIRSA,0.777372445,1295189,41227,0.031830875648264464,0.024744445629182307
HARYANA,AMBALA,0.774442135,1128350,63984,0.056705809367660745,0.04391536807359419
HARYANA,BHIWANI,0.803324851,1634445,65710,0.040203249421057304,0.03229626935088669
HARYANA,FARIDABAD,0.761611914,1809733,123392,0.0681824335413014,0.05192855371056835
HARYANA,HISAR,0.813595356,1743931,74075,0.04247587777268711,0.034558176897881855
HARYANA,JHAJJAR,0.756053971,958405,42127,0.04395532160203672,0.03323259544380194
HARYANA,JIND,0.786611521,1334152,37605,0.028186443523676462,0.022171781211739742
HARYANA,KURUKSHETRA,0.813929347,964655,43767,0.04537062473112149,0.036928482960383764
HARYANA,ROHTAK,0.795333306,1061204,54647,0.05149528271661245,0.04095591344640804
HARYANA,SONIPAT,0.757093273,1450001,64559,0.04452341757005685,0.03370837993326005
HARYANA,PANCHKULA,0.792325104,561293,28529,0.05082728628363439,0.04027173489071839
HARYANA,FATEHABAD,0.910629298,942011,28591,0.030351025624966162,0.02763853315844295
HARYANA,KAITHAL,0.826555718,1074304,39959,0.03719524454902895,0.03074394206440821
HARYANA,REWARI,0.768335063,900332,51803,0.05753766388398946,0.04420820460517787
HARYANA,PANIPAT,0.822213227,1205437,56144,0.04657564020351126,0.038295107431319926
HARYANA,YAMUNANAGAR,0.813106167,1214205,60260,0.04962918123381142,0.040353793324372736
MIZORAM,AIZAWL,0.836078903,400309,4566,0.011406188719214406,0.009536473751771756
MIZORAM,LUNGLEI,0.929688614,161428,459,0.0028433728968952103,0.002643451407599673
MIZORAM,CHAMPHAI,0.940324064,125745,379,0.0030140363433933757,0.002834170903463359
PUNJAB,LUDHIANA,0.815661119,3498739,142056,0.040602056912504764,0.03311751917495532
PUNJAB,JALANDHAR,0.90236152,2193590,74711,0.034058780355490315,0.03073333281092638
PUNJAB,RUPNAGAR,0.841914663,684627,23952,0.03498547384196066,0.02945478341954962
PUNJAB,FATEHGARH SAHIB,0.830627982,600163,18947,0.03156975688271353,0.02622272345171895
PUNJAB,PATIALA,0.801864417,1895686,73772,0.038915727604677146,0.031205137227855246
PUNJAB,FIROZPUR,0.84647755,2029074,26310,0.01296650590367823,0.010975856149406084
PUNJAB,FARIDKOT,0.863148038,617508,16478,0.026684674530532398,0.02303282446569761
PUNJAB,GURDASPUR,0.868572856,2298323,35328,0.015371207615291671,0.013351013698582836
PUNJAB,MOGA,0.863163583,995746,20466,0.020553434309552837,0.017740976001588755
PUNJAB,MANSA,0.85281517,769751,19307,0.02508213695078019,0.021390426887642887
PUNJAB,BARNALA,0.856490629,595527,14914,0.02504336495238671,0.021449407400346246
PUNJAB,BATHINDA,0.844026876,1388525,49085,0.0353504618209971,0.029836739855933457
PUNJAB,HOSHIARPUR,0.851924647,1586625,38897,0.02451555975734657,0.020885409592284885
PUNJAB,SANGRUR,0.830438305,1655169,51152,0.030904397073652296,0.025664195122890775
PUNJAB,TARN TARAN,0.789698031,1119627,22503,0.02009865785658974,0.0158718705350916
SIKKIM,SOUTH DISTRICT,0.885676554,146850,409,0.0027851549199863807,0.0024667464118896835
SIKKIM,WEST DISTRICT,0.939597811,136435,110,0.0008062447319236266,0.0007575457852457214
SIKKIM,EAST DISTRICT,0.90832864,283583,1094,0.0038577770881893484,0.003504129415938191
MANIPUR,IMPHAL EAST,0.754781336,456113,2684,0.00588450669022808,0.004441515821351288
MANIPUR,IMPHAL WEST,0.710715237,517992,6706,0.012946145886422957,0.009201023141905667
MANIPUR,BISHNUPUR,0.714161797,237399,1090,0.004591426248636262,0.003279021220519042
MANIPUR,THOUBAL,0.773991337,422168,1452,0.00343938905838434,0.0026620573357620664
MANIPUR,SENAPATI,0.829016249,479148,395,0.0008243799410620518,0.0006834243664901033
MANIPUR,CHURACHANDPUR,0.826862306,274143,135,0.0004924437246254692,0.0004071831537190444
MANIPUR,UKHRUL,0.727804831,183998,131,0.0007119642604810921,0.0005181710282774813
MANIPUR,CHANDEL,0.905213827,144182,99,0.0006866321732255067,0.0006215489372667878
BIHAR,PATNA,0.441031238,5838465,458624,0.07855215369108147,0.03464395358994393
BIHAR,SAMASTIPUR,0.43136475,4261566,120552,0.028288192650307423,0.0122025291505517
BIHAR,SARAN,0.410208436,3951862,167672,0.042428607071805645,0.017404572548583935
BIHAR,KATIHAR,0.416833208,3071029,74680,0.024317582152431644,0.010136375779401628
BIHAR,BEGUSARAI,0.423949001,2970541,95423,0.03212310484857809,0.013618558209572936
BIHAR,BANKA,0.487070034,2034763,52945,0.026020229382979737,0.012673674010255738
BIHAR,PURNIA,0.455847681,3264619,78944,0.02418168858295562,0.011023166663204496
BIHAR,MUNGER,0.44463933,1367765,58061,0.04244954359849828,0.018874736624442064
BIHAR,MADHEPURA,0.468342823,2001762,54239,0.027095628751070307,0.012690043260236232
BIHAR,ROHTAS,0.506163388,2959918,103903,0.03510333732218257,0.01776802414910278
BIHAR,KHAGARIA,0.503785536,1666886,51295,0.030772950279743187,0.015502967250981771
BIHAR,JAMUI,0.58584428,1760405,53213,0.030227703284187446,0.01770872706657843
BIHAR,AURANGABAD,0.532123351,2540073,63354,0.02494180285369751,0.01327211571449088
BIHAR,DARBHANGA,0.448739392,3937385,97953,0.02487767896713174,0.011163594534081885
BIHAR,MADHUBANI,0.435989131,4487379,102346,0.022807523055217757,0.009943832157106855
BIHAR,LAKHISARAI,0.418802741,1000912,36179,0.036146034816247584,0.015138058457325918
BIHAR,SHEIKHPURA,0.543086527,636342,18128,0.028487825728931927,0.015471354336906884
BIHAR,SAHARSA,0.503581778,1900661,65369,0.03439277177781835,0.017319573162221984
BIHAR,SUPAUL,0.558237567,2229076,58930,0.026436963118350382,0.014758105970056652
BIHAR,GOPALGANJ,0.449602318,2562012,99235,0.0387332299770649,0.017414549981315468
BIHAR,ARARIA,0.472100003,2811569,77827,0.027680985243470818,0.013068193216485528
BIHAR,KISHANGANJ,0.480761468,1690400,26588,0.01572882158069096,0.007561811353043067
BIHAR,BUXAR,0.500867861,1706352,65027,0.038108784119572046,0.01908746518728082
BIHAR,NAWADA,0.480920904,2219146,84482,0.03806959974692967,0.01830846632521159
BIHAR,SIWAN,0.398960044,3330464,106638,0.032018961922422824,0.012774286457404135
BIHAR,NALANDA,0.450949105,2877653,122969,0.04273239337751981,0.019270134548100486
BIHAR,SITAMARHI,0.49525404,3423574,82951,0.024229357975028436,0.011999687423739053
BIHAR,BHOJPUR,0.473250577,2728407,120819,0.044281883164791765,0.02095642675838429
BIHAR,BHAGALPUR,0.500007903,3037766,98731,0.03250118672735161,0.01625085022055451
BIHAR,GAYA,0.421129902,4391418,148205,0.033748780006822396,0.014212620416892675
BIHAR,SHEOHAR,0.607761924,656246,12750,0.01942868985106195,0.011808017924680683
BIHAR,MUZAFFARPUR,0.51071896,4801062,194923,0.04059997558873433,0.020735177308703785
BIHAR,VAISHALI,0.504917077,3495021,109046,0.03120038477594269,0.015753607082344284
RAJASTHAN,RAJSAMAND,0.677773489,1156597,38032,0.032882672184001864,0.022287003453794193
RAJASTHAN,ALWAR,0.616562858,3674179,140532,0.038248544776942006,0.023582632082012337
RAJASTHAN,DAUSA,0.656064578,1634409,38640,0.02364157319251179,0.015510398739801359
RAJASTHAN,JAIPUR,0.705437969,6626178,306813,0.04630316299984697,0.032664009264887994
RAJASTHAN,TONK,0.697081536,1421326,40075,0.028195501946773647,0.019654563805347965
RAJASTHAN,BIKANER,0.600450775,2363937,62706,0.026526087624162573,0.015927609871646327
RAJASTHAN,NAGAUR,0.668736806,3307743,49093,0.014841842307579518,0.009925286219926397
RAJASTHAN,UDAIPUR,0.649351921,3068420,121684,0.03965689182054608,0.025751278884560788
RAJASTHAN,BUNDI,0.702682387,1110906,29514,0.026567504361305096,0.018668517381234775
RAJASTHAN,HANUMANGARH,0.670398594,1774692,45781,0.025796588929233918,0.017293996948154384
RAJASTHAN,BARAN,0.632735721,1222755,33691,0.0275533528793585,0.017433990600088326
RAJASTHAN,BHARATPUR,0.660472387,2548462,71984,0.028246055856434193,0.01865573993483442
RAJASTHAN,AJMER,0.650571507,2583052,102238,0.03958031042348354,0.025749822199733496
RAJASTHAN,PALI,0.618734117,2037573,70286,0.034494960425957746,0.02134320888010491
RAJASTHAN,KOTA,0.617961159,1951014,103105,0.05284687859748828,0.032657318347636154
RAJASTHAN,JALOR,0.647387041,1828730,22825,0.012481339508839468,0.008080257452343977
RAJASTHAN,JHALAWAR,0.68786016,1411129,36905,0.02615281806270015,0.017989481617059815
RAJASTHAN,PRATAPGARH,0.772967775,867848,12906,0.014871267779611176,0.011495010767035243
RAJASTHAN,DUNGARPUR,0.768104783,1388552,14929,0.010751487880900391,0.008258269265686125
RAJASTHAN,BANSWARA,0.762302566,1797485,20142,0.011205656792685335,0.008542100926779362
RAJASTHAN,SIROHI,0.659213575,1036346,25178,0.024294974844308755,0.016015577221651842
RAJASTHAN,BARMER,0.583747829,2603751,31621,0.012144402440940012,0.007089268559401033
RAJASTHAN,JODHPUR,0.616593598,3687165,119989,0.03254234621992778,0.02006540234310697
RAJASTHAN,KARAULI,0.679807229,1458248,26240,0.017994195774655615,0.012232584367652143
RAJASTHAN,CHITTAURGARH,0.665192809,1544338,52593,0.034055368708145496,0.022653386372502003
RAJASTHAN,BHILWARA,0.693516083,2408523,84223,0.03496873395022593,0.024251379396629802
RAJASTHAN,JAISALMER,0.645487685,669919,12122,0.018094724884650235,0.011679922076504772
RAJASTHAN,CHURU,0.658290952,2039547,36883,0.018083917654263423,0.011904479368514674
RAJASTHAN,SAWAI MADHOPUR,0.681000379,1335551,23265,0.017419776556642164,0.011862874437168628
RAJASTHAN,SIKAR,0.629196011,2677333,67729,0.025297189404530553,0.01591689066284209
RAJASTHAN,JAIPUR,0.628470348,6626178,350822,0.05294484995724534,0.03327426827743776
RAJASTHAN,SAWAI MADHOPUR,0.688520022,1335551,28685,0.02147802667213757,0.014788051396816744
RAJASTHAN,JAIPUR,0.543377175,6626178,64087,0.009671789680265155,0.0052554297536566335
RAJASTHAN,JODHPUR,0.578574877,3687165,27768,0.007530989255973085,0.004357241182462949
RAJASTHAN,JAIPUR,0.647481364,6626178,286735,0.043273060276980184,0.028018500092593348
TAMIL NADU,DHARMAPURI,0.706061647,1506843,22138,0.014691643389523659,0.010373205928743736
TAMIL NADU,PUDUKKOTTAI,0.666363447,1618345,21174,0.01308373678047635,0.008718523940678903
TAMIL NADU,KANNIYAKUMARI,0.716414808,1870374,48689,0.026031692057310464,0.018649489667153202
TAMIL NADU,TIRUCHIRAPPALLI,0.709888942,2722290,58357,0.021436731575254657,0.015217698697895521
TAMIL NADU,THOOTHUKKUDI,0.669639129,1750176,38075,0.021754954930247015,0.014567969070924867
TAMIL NADU,VILUPPURAM,0.673238293,3458873,52349,0.01513469849861501,0.010189258582277233
TAMIL NADU,VELLORE,0.714003893,3936331,54925,0.013953348943470455,0.009962745466025342
TAMIL NADU,SALEM,0.718266441,3482056,62350,0.01790608766774572,0.01286134186134571
TAMIL NADU,CHENNAI,0.698223185,4646732,145736,0.0313631171326429,0.021898455535881992
TAMIL NADU,VIRUDHUNAGAR,0.768725579,1942288,39627,0.020402226652278137,0.015683713496161742
TAMIL NADU,MADURAI,0.731636795,3038252,79616,0.02620454129545541,0.019172206607852144
TAMIL NADU,THE NILGIRIS,0.765474503,735394,7467,0.010153740715861158,0.007772429628064684
TAMIL NADU,THANJAVUR,0.740822078,2405890,40843,0.016976254109705765,0.012576383846208265
TAMIL NADU,COIMBATORE,0.680002401,3458045,78411,0.022674950730832016,0.015419020939522476
TAMIL NADU,CUDDALORE,0.500424285,2605914,55480,0.021290034897544587,0.010654050491228799
TAMIL NADU,RAMANATHAPURAM,0.748989914,1353445,24062,0.01777833602399802,0.01331579436967738
TAMIL NADU,TIRUVANNAMALAI,0.678129778,2464875,37337,0.015147624118870126,0.010272054980956843
TAMIL NADU,ERODE,0.713273351,2251744,42605,0.01892088976366763,0.013495766445632808
TAMIL NADU,THIRUVARUR,0.714695811,1264277,14839,0.011737143046974674,0.008388486968780575
TAMIL NADU,KRISHNAGIRI,0.747727554,1879809,40217,0.02139419483575193,0.015997028974336223
TAMIL NADU,DINDIGUL,0.514536581,2159775,46488,0.021524464353925757,0.011075124296525332
TAMIL NADU,SIVAGANGA,0.767024508,1339101,31638,0.023626298539094513,0.018121950012810088
TAMIL NADU,KANCHEEPURAM,0.624038727,3998252,68952,0.01724553629936282,0.010761882518686665
TAMIL NADU,THIRUVALLUR,0.648140306,3728104,65957,0.01769183477714141,0.011466791206157876
TAMIL NADU,TIRUPPUR,0.69159401,2479052,50420,0.0203384196862349,0.014065929227866135
MEGHALAYA,EAST KHASI HILLS,0.384329975,825922,5955,0.007210123958436753,0.0027710667606928984
MEGHALAYA,WEST GARO HILLS,0.774623975,643291,1229,0.001910488410377263,0.001479910126637867
MEGHALAYA,EAST GARO HILLS,0.719898559,317917,333,0.0010474432005838001,0.0007540528507346256
MEGHALAYA,RIBHOI,0.608182365,258840,1453,0.005613506413228249,0.003414035606339824
MEGHALAYA,WEST KHASI HILLS,0.793601264,383461,400,0.0010431308529420202,0.0008278299634121853
MEGHALAYA,SOUTH GARO HILLS,0.932986053,142334,282,0.0019812553571177654,0.0018484836156224095
GOA,NORTH GOA,0.758814144,818008,42186,0.051571622771415436,0.039133276787982514
GOA,SOUTH GOA,0.811888032,640537,16762,0.02616866785213032,0.021246028242527755
HIMACHAL PRADESH,HAMIRPUR,0.810366001,454768,36197,0.0795944305667945,0.06450062040028542
HIMACHAL PRADESH,KANGRA,0.763743265,1510075,82674,0.05474827409234641,0.04181362560840356
HIMACHAL PRADESH,SIRMAUR,0.813473315,529855,32928,0.06214530390389823,0.050553546378386535
HIMACHAL PRADESH,UNA,0.758853925,521173,36404,0.06985012654147471,0.05300604268774476
HIMACHAL PRADESH,SOLAN,0.829605586,580320,81905,0.1411376481940998,0.117088581336728
HIMACHAL PRADESH,MANDI,0.837773494,999777,74796,0.07481268322835992,0.0626760830237383
HIMACHAL PRADESH,BILASPUR,0.75864419,381956,30546,0.07997256228466106,0.06067071973667124
HIMACHAL PRADESH,CHAMBA,0.843420665,519080,22630,0.0435963627957155,0.036770073300743625
HIMACHAL PRADESH,KINNAUR,0.874560455,84121,32450,0.38575385456663613,0.33736506656780113
HIMACHAL PRADESH,KULLU,0.883917338,437903,113630,0.2594866899747204,0.22936478424888618
HIMACHAL PRADESH,SHIMLA,0.835342183,814010,99824,0.12263240009336494,0.10244001680052087
NAGALAND,KOHIMA,0.729757381,267988,619,0.0023098049166380584,0.0016855971865867127
NAGALAND,MOKOKCHUNG,0.884039357,194622,193,0.000991665895941877,0.0008766716810072858
NAGALAND,WOKHA,0.656265659,166343,273,0.0016411871855142688,0.0010770547898438767
NAGALAND,ZUNHEBOTO,0.950349854,140757,39,0.00027707325390566724,0.0002633165263965558
NAGALAND,PHEK,0.945257625,163418,45,0.0002753674625806215,0.0002602931936812346
NAGALAND,MON,0.77910435,250260,105,0.000419563653800048,0.0003268838677775114
NAGALAND,LONGLENG,0.911810404,50484,48,0.0009507962918944616,0.000866945951033991
NAGALAND,TUENSANG,0.802988959,196596,36,0.00018311664530305805,0.00014704064438747483
NAGALAND,PEREN,0.556629254,95219,43,0.00045159054390405274,0.0002513685075667671
NAGALAND,KIPHIRE,0.990553791,74004,10,0.00013512783092805794,0.00013385138519539483
TRIPURA,NORTH TRIPURA,0.845004312,693947,3856,0.00555662031826638,0.004695368129081904
TRIPURA,DHALAI,0.900493918,378230,2968,0.007847077175263728,0.007066245270401607
CHANDIGARH,CHANDIGARH,0.855398391,1055450,113184,0.1072376711355346,0.09173093134392345
PUDUCHERRY,PUDUCHERRY,0.672400317,950289,27537,0.028977500528786507,0.019484480541423717
PUDUCHERRY,KARAIKAL,0.860966101,200222,6479,0.032359081419624215,0.027860072161795407
PUDUCHERRY,MAHE,0.767974534,41816,394,0.00942223072508131,0.007236033250334801
PUDUCHERRY,YANAM,0.83623011,55626,400,0.007190881961672599,0.006013232013806494
ARUNACHAL PRADESH,LOHIT,0.697344133,145726,566,0.0038840014822337813,0.002708485646199031
ARUNACHAL PRADESH,UPPER SUBANSIRI,0.937404146,83448,51,0.0006111590451538683,0.0005729030227926373
ARUNACHAL PRADESH,PAPUM PARE,0.787223409,176573,8102,0.045884704909584136,0.03612151381988186
ARUNACHAL PRADESH,WEST KAMENG,0.914610591,83947,220,0.0026207011566821924,0.0023969210337474837
ARUNACHAL PRADESH,UPPER SIANG,0.932589746,35320,173,0.004898074745186863,0.004567894282502831
ARUNACHAL PRADESH,EAST SIANG,0.923664305,99214,381,0.003840183845021872,0.003547040742284355
ARUNACHAL PRADESH,WEST SIANG,0.880535816,112274,501,0.004462297593387605,0.003929212852628391
ARUNACHAL PRADESH,LOWER SUBANSIRI,0.834583359,83030,308,0.0037095025894255088,0.003095889131301939
ARUNACHAL PRADESH,TIRAP,1.32591822,111975,0,0.0,0.0
ARUNACHAL PRADESH,LOWER DIBANG VALLEY,0.892102105,54080,176,0.003254437869822485,0.002903290874260355
ARUNACHAL PRADESH,TAWANG,0.949806825,49977,93,0.0018608559937571283,0.0017674537232126779
ARUNACHAL PRADESH,EAST KAMENG,0.789640436,78690,373,0.004740119456093532,0.0037429899940017793
UTTARAKHAND,NAINITAL,0.826938818,954605,29770,0.03118567365559577,0.025788644111292103
UTTARAKHAND,TEHRI GARHWAL,0.905021433,618931,3508,0.005667836964055767,0.005129513931220121
UTTARAKHAND,UDHAM SINGH NAGAR,0.83491615,1648902,74140,0.04496325433530919,0.03754054720110716
UTTARAKHAND,DEHRADUN,0.842558037,1696694,129248,0.07617637594050548,0.06418301777820633
UTTARAKHAND,UTTARKASHI,0.923704081,330086,1668,0.00505322855255903,0.004667687836224499
UTTARAKHAND,ALMORA,0.900791888,622506,2360,0.0037911281176406333,0.003415017454739392
UTTARAKHAND,CHAMOLI,0.917168997,391605,1257,0.003209867085456008,0.002943990575271
UTTARAKHAND,HARDWAR,0.767281019,1890422,106051,0.05609911437763632,0.043043785644670346
UTTARAKHAND,CHAMPAWAT,0.922304688,259648,3591,0.013830262509243282,0.012755715948545722
UTTARAKHAND,BAGESHWAR,0.928765627,259898,627,0.0024124848979214923,0.0022406330488460857
UTTARAKHAND,PITHORAGARH,0.900653454,483439,2936,0.006073155041277183,0.005469808064603807
UTTARAKHAND,RUDRAPRAYAG,0.926674331,242285,620,0.002558969808283633,0.0023713316351404337
KERALA,KASARAGOD,0.865486942,1307375,25401,0.019429008509417728,0.016815553160907926
KERALA,ERNAKULAM,0.809310882,3282388,310439,0.09457717978496144,0.07654234078883972
KERALA,KANNUR,0.840786164,2523003,71960,0.02852156735445816,0.0239805392072225
KERALA,THRISSUR,0.827841653,3121200,194955,0.06246155324875048,0.05170827549039312
KERALA,KOZHIKODE,0.88793251,3086293,89923,0.02913624856745617,0.025871022322485258
KERALA,ALAPPUZHA,0.818601877,2127789,87572,0.041156336460053136,0.033690654276643035
KERALA,PALAKKAD,0.872458169,2809934,90716,0.03228403229399694,0.02816646770315744
KERALA,THIRUVANANTHAPURAM,0.741416512,3301427,381711,0.11562000310774705,0.08572257942157498
KERALA,KOTTAYAM,0.832260769,1974551,74405,0.0376819844106331,0.03136123732303951
KERALA,MALAPPURAM,0.858582399,4112920,92558,0.022504206257354872,0.01932171539603056
KERALA,PATHANAMTHITTA,0.66682942,1197412,90583,0.07564898297327904,0.050444967439661544
KERALA,KOLLAM,0.715382387,2635375,197098,0.07478935635346014,0.05350298827033193
KERALA,WAYANAD,0.880777229,817420,25873,0.03165202710968657,0.027878384729902617
ASSAM,KAMRUP,0.864006051,1517542,133972,0.08828223535164101,0.07627638553962394
ASSAM,TINSUKIA,0.878992844,1327929,11665,0.0087843551876644,0.007721385349111285
ASSAM,SIVASAGAR,0.883854197,1151050,3885,0.0033751791842231006,0.0029831662876026238
ASSAM,MORIGAON,0.840021279,957423,11559,0.012073033549434262,0.01014160508360568
ASSAM,LAKHIMPUR,0.86639947,1042137,8716,0.0083635836746992,0.007246204463060039
ASSAM,SONITPUR,0.832260263,1924110,13314,0.006919562810858007,0.005758877164809704
ASSAM,DIBRUGARH,0.813162004,1326335,14237,0.010734090557815334,0.008728554589110595
ASSAM,DARRANG,0.879797256,928500,18273,0.019680129240710824,0.017314523703702747
ASSAM,BONGAIGAON,0.918835524,738804,12723,0.017221076225900238,0.015823336597868987
ASSAM,NAGAON,0.81667933,2823768,25260,0.008945494105748065,0.007305600132801279
ASSAM,JORHAT,0.910091029,1092256,13950,0.012771731169249699,0.011623437961933832
ASSAM,KARIMGANJ,0.853067166,1228686,16534,0.01345665206570271,0.011479428041537057
ASSAM,CACHAR,0.742205955,1736617,27620,0.01590448556014366,0.011804403893950134
ASSAM,NALBARI,0.889248678,771639,10890,0.014112817003806184,0.012549803863490569
ASSAM,DHUBRI,0.86053736,1949258,29008,0.014881560060289607,0.01280613840696306
ASSAM,DHEMAJI,0.872209231,686133,2361,0.003441023824826965,0.003001292744105006
ASSAM,GOALPARA,0.848638241,1008183,13493,0.013383482958946938,0.011357735436734203
ASSAM,GOLAGHAT,0.864461015,1066888,7115,0.006668928697295311,0.005765028870626533
ASSAM,BARPETA,0.882076179,1693622,17431,0.010292143111036583,0.009078454269104322
ASSAM,HAILAKANDI,0.759322012,659296,14441,0.02190366694170752,0.01663193645235524
ASSAM,KOKRAJHAR,0.893113502,887142,4689,0.005285512353152032,0.0047205624475878715
ASSAM,KAMRUP,0.773043917,1517542,13543,0.0089242999534774,0.0068988757925190864
ASSAM,UDALGURI,0.912348263,831668,2594,0.003119033075698476,0.002845644408853052
ASSAM,CHIRANG,0.88074626,482162,3233,0.006705215259601545,0.00590559326238899
ASSAM,KARBI ANGLONG,0.798462792,956313,2763,0.0028892214160008284,0.002306935798526215
ASSAM,BAKSA,0.869263024,950075,3153,0.003318685366944715,0.0028848104777749128
ASSAM,DIMA HASAO,0.722869726,214102,601,0.002807073264145127,0.0020291482813145135
ANDHRA PRADESH,ANANTAPUR,0.852044884,4081148,78256,0.01917499683912468,0.016337957957492353
ANDHRA PRADESH,CHITTOOR,0.859445957,4174064,85112,0.020390679203768795,0.01752468680216307
ANDHRA PRADESH,EAST GODAVARI,0.841024845,5154296,80767,0.015669841235350083,0.013178725796134912
ANDHRA PRADESH,GUNTUR,0.881946659,4887813,93850,0.019200816397845006,0.01693409587215182
ANDHRA PRADESH,KURNOOL,0.87761366,4053463,82036,0.02023849730465037,0.017761581692434344
ANDHRA PRADESH,KRISHNA,0.869058554,4517398,92372,0.0204480543888318,0.01777055657927152
ANDHRA PRADESH,PRAKASAM,0.762434489,3397448,63791,0.018776151982311428,0.01431558584201995
ANDHRA PRADESH,SRIKAKULAM,0.814577614,2703114,27984,0.010352504555856689,0.008432918460033871
ANDHRA PRADESH,VISAKHAPATNAM,0.765812439,4290589,80818,0.018836108515637363,0.014424926203628919
ANDHRA PRADESH,VIZIANAGARAM,0.808372195,2344474,26854,0.011454168397687498,0.009259231249538275
ANDHRA PRADESH,WEST GODAVARI,0.79635177,3936966,64010,0.0162587129276707,0.012947654817872443
UTTAR PRADESH,BAREILLY,0.61466973,4448359,231647,0.05207470889827013,0.0320087472583283
UTTAR PRADESH,GORAKHPUR,0.476833923,4440895,266667,0.060048030858644484,0.028632938122752506
UTTAR PRADESH,HARDOI,0.608741745,4092845,191777,0.04685664861483882,0.028523598042648816
UTTAR PRADESH,CHITRAKOOT,0.65419719,991730,34218,0.034503342643663094,0.022571989803091566
UTTAR PRADESH,MEERUT,0.729268248,3443689,343835,0.09984496277102839,0.0728137610716531
UTTAR PRADESH,BAHRAICH,0.592197886,3487731,172929,0.049582092196903946,0.029362410182463612
UTTAR PRADESH,GHAZIABAD,0.730557769,4681645,432309,0.09234126039031153,0.06746062517739405
UTTAR PRADESH,FATEHPUR,0.530401876,2632733,106334,0.040389207716847855,0.021422511543169778
UTTAR PRADESH,SHRAWASTI,0.610574783,1117361,38694,0.03462981077735844,0.02114408920071669
UTTAR PRADESH,JAUNPUR,0.47682235,4494204,214264,0.04767562843164218,0.022732805186502437
UTTAR PRADESH,PILIBHIT,0.638844314,2031007,102167,0.05030361786049974,0.032136180243809105
UTTAR PRADESH,MAINPURI,0.524487221,1868529,103973,0.055644306296557346,0.029184727573954163
UTTAR PRADESH,AMBEDKAR NAGAR,0.55985313,2397888,92061,0.03839253543117944,0.02149418112978171
UTTAR PRADESH,SITAPUR,0.503294683,4483992,205143,0.04575008162369603,0.02302577282802222
UTTAR PRADESH,AURAIYA,0.543280011,1379545,65457,0.04744825286598117,0.025777687338961033
UTTAR PRADESH,BUDAUN,0.613299935,3681896,153015,0.0415587512520723,0.02548797944157711
UTTAR PRADESH,KANPUR NAGAR,0.633688805,4581268,634087,0.13840862398794396,0.08770799553661454
UTTAR PRADESH,GAUTAM BUDDHA NAGAR,0.746429051,1648115,436473,0.26483164099592565,0.1976780304633615
UTTAR PRADESH,BALLIA,0.471112603,3239774,130886,0.040399731586215584,0.019032822708083343
UTTAR PRADESH,LALITPUR,0.562738069,1221592,64498,0.05279831564057394,0.029711622190029076
UTTAR PRADESH,LUCKNOW,0.572832336,4589838,492563,0.10731598805883781,0.06147406812989217
UTTAR PRADESH,ETAH,0.567801365,1774480,80468,0.04534736937018169,0.025748298227548354
UTTAR PRADESH,MUZAFFARNAGAR,0.497911539,4143512,147394,0.03557223920191374,0.017711828366701002
UTTAR PRADESH,VARANASI,0.730433942,3676841,485208,0.13196328043556957,0.09639045912780456
UTTAR PRADESH,GHAZIPUR,0.53975398,3620268,167658,0.04631093609644369,0.024996512075581144
UTTAR PRADESH,FIROZABAD,0.508585323,2498156,156615,0.06269224179754987,0.031884354044201
UTTAR PRADESH,AGRA,0.681462681,4418797,419721,0.09498535461122111,0.06472897440909844
UTTAR PRADESH,PRATAPGARH,0.581794862,3209141,195459,0.06090695298212201,0.035435352305074164
UTTAR PRADESH,ETAWAH,0.547528535,1581810,67445,0.04263786421883791,0.02334544733126924
UTTAR PRADESH,KUSHINAGAR,0.514590676,3564544,184211,0.051678699996409075,0.026593377165953343
UTTAR PRADESH,BARA BANKI,0.552789995,3260699,134733,0.0413202813261819,0.02284143810769869
UTTAR PRADESH,KAUSHAMBI,0.534596175,1599596,69520,0.043460973895908715,0.023234070406527647
UTTAR PRADESH,MAHOBA,0.708968421,875958,43695,0.04988252861438562,0.035365137547228295
UTTAR PRADESH,BANDA,0.593565144,1799410,68952,0.03831922685769224,0.022744957407754764
UTTAR PRADESH,DEORIA,0.461401604,3100946,172254,0.055548855091317295,0.025630330839497367
UTTAR PRADESH,MAU,0.496807963,2205968,111523,0.05055513044613521,0.025116191376143716
UTTAR PRADESH,ALIGARH,0.521666109,3673889,188190,0.051223648836423746,0.02672164157727955
UTTAR PRADESH,AZAMGARH,0.645853839,4613913,198253,0.04296851717836899,0.02775138177578706
UTTAR PRADESH,BAGHPAT,0.601852564,1303048,57939,0.04446421006747257,0.02676089883534298
UTTAR PRADESH,BASTI,0.46622328,2464464,115126,0.04671441741490239,0.021779348910464916
UTTAR PRADESH,BIJNOR,0.644291914,3682713,188111,0.05107946234202883,0.03291008455843667
UTTAR PRADESH,GONDA,0.577859717,3433919,189326,0.05513409023334563,0.03185976977929357
UTTAR PRADESH,KANPUR DEHAT,0.62170548,1796184,161787,0.09007262062238612,0.055998641838898466
UTTAR PRADESH,MAHRAJGANJ,0.506667908,2684703,108499,0.04041378133819644,0.02047636604499343
UTTAR PRADESH,MATHURA,0.611633751,2547184,172858,0.06786239235171075,0.041506929585910554
UTTAR PRADESH,MORADABAD,0.658901624,4772006,164218,0.034412781543024046,0.022674637645055767
UTTAR PRADESH,RAE BARELI,0.551171812,3405559,171568,0.05037880712094549,0.027767378407250028
UTTAR PRADESH,RAMPUR,0.565583565,2335819,85530,0.03661670703081018,0.020709807701046183
UTTAR PRADESH,SAHARANPUR,0.658274399,3466382,250221,0.07218506211952405,0.047517578383507356
UTTAR PRADESH,SHAHJAHANPUR,0.6361804,3006538,172949,0.057524302037759045,0.03659583348010236
UTTAR PRADESH,SIDDHARTHNAGAR,0.48606821,2559297,102843,0.04018408180058821,0.019532204711305488
UTTAR PRADESH,SONBHADRA,0.521948206,1862559,63918,0.03431730216331402,0.017911854298901676
UTTAR PRADESH,SULTANPUR,0.437242329,3797117,231800,0.061046314875206634,0.02669203289290269
UTTAR PRADESH,UNNAO,0.466136392,3108367,113802,0.03661150694239129,0.01706595575180923
UTTAR PRADESH,FARRUKHABAD,0.640893619,1885204,97317,0.05162146908239108,0.033083870138310226
UTTAR PRADESH,HAMIRPUR,0.654156739,1104285,84726,0.0767247585541776,0.05019001785636317
UTTAR PRADESH,JHANSI,0.548306988,1998603,108220,0.05414782225384431,0.029689629326764746
UTTAR PRADESH,BALRAMPUR,0.629848906,2148665,95918,0.04464074204215175,0.028116922538277488
UTTAR PRADESH,MIRZAPUR,0.550471717,2496970,104420,0.04181868424530531,0.023020002919194062
UTTAR PRADESH,KANNAUJ,0.659864939,1656616,82765,0.049960280475378725,0.03296703742830867
UTTAR PRADESH,SANT KABIR NAGAR,0.630494594,1715183,78106,0.04553799798622071,0.028711461551895044
UTTAR PRADESH,CHANDAULI,0.594237414,1952756,98098,0.05023566692408063,0.029851912803531007
WEST BENGAL,BIRBHUM,0.580448655,3502404,68582,0.019581407513239477,0.01136600165406675
MAHARASHTRA,NANDURBAR,0.806404206,1648295,28769,0.017453793162025003,0.014074812216511001
MAHARASHTRA,DHULE,0.728315384,2050862,49080,0.023931400552548148,0.017429607183086917
MAHARASHTRA,JALGAON,0.733343757,4229917,118027,0.027902911570132465,0.02046242600207971
MAHARASHTRA,BULDANA,0.720361938,2586258,112823,0.0436240313224744,0.031425091746830364
MAHARASHTRA,AKOLA,0.767940364,1813906,91576,0.05048552681340709,0.038769873837819595
MAHARASHTRA,AMRAVATI,0.762482656,2888445,146542,0.05073387237769803,0.03868369775971223
MAHARASHTRA,WARDHA,0.787768748,1300774,74573,0.05732971292476633,0.04516255617394259
MAHARASHTRA,NAGPUR,0.708405219,4653570,296440,0.0637016312207617,0.04512656801560092
MAHARASHTRA,BHANDARA,0.81702323,1200334,27298,0.022742003475699265,0.01858074513638704
MAHARASHTRA,GONDIYA,0.824863825,1322507,31149,0.023552994426494528,0.01942801307284196
MAHARASHTRA,GADCHIROLI,0.838608676,1072942,17930,0.016711061734930685,0.014014041356084484
MAHARASHTRA,CHANDRAPUR,0.705453665,2204307,101139,0.04588244740864136,0.032367940683595796
MAHARASHTRA,YAVATMAL,0.75906159,2772348,124994,0.04508597044815442,0.03422302841506911
MAHARASHTRA,NANDED,0.697922119,3361292,100584,0.02992420771536659,0.0208847664581048
MAHARASHTRA,PARBHANI,0.768259364,1836086,96519,0.05256779911180631,0.04038570391251608
MAHARASHTRA,JALNA,0.719583096,1959046,80601,0.04114298490183487,0.029605796454343594
MAHARASHTRA,AURANGABAD,0.662718657,3701282,235247,0.06355824819616554,0.0421212368858355
MAHARASHTRA,NASHIK,0.592779974,6107187,261959,0.04289356130735804,0.025426444156543104
MAHARASHTRA,THANE,0.652981907,11060148,467311,0.04225178541914629,0.027589651417148937
MAHARASHTRA,MUMBAI,0.660128484,3085411,588093,0.19060442838895694,0.1258234123560887
MAHARASHTRA,PUNE,0.705062415,9429408,696465,0.07386094651965426,0.05207657732733328
MAHARASHTRA,AHMADNAGAR,0.704466272,4543159,212679,0.046813021512124055,0.032978194745701836
MAHARASHTRA,LATUR,0.697295275,2454196,108810,0.04433631217718552,0.030915500992076426
MAHARASHTRA,OSMANABAD,0.714301796,1657576,88317,0.05328081487666327,0.038058581758744096
CHHATTISGARH,KORIYA,0.834399155,658917,13472,0.020445670699041,0.01705985035468807
MAHARASHTRA,SOLAPUR,0.688193333,4317756,246099,0.05699696786942106,0.03922493328895078
MAHARASHTRA,SATARA,0.691260361,3003741,127859,0.04256658613375787,0.02942459369735906
MAHARASHTRA,RATNAGIRI,0.76486479,1615069,30126,0.018653073026601342,0.014267078783346099
MAHARASHTRA,SINDHUDURG,0.705422642,849651,18765,0.022085538650575352,0.015579639024881981
MAHARASHTRA,KOLHAPUR,0.713350881,3876001,155038,0.039999473684346316,0.02853365979226476
MAHARASHTRA,SANGLI,0.720322579,2822143,109809,0.038909793018993014,0.028027602455797242
MAHARASHTRA,WASHIM,0.77395778,1197160,50502,0.04218483744862842,0.03264928314140132
MAHARASHTRA,MUMBAI,0.650081335,3085411,134443,0.0435737734778284,0.028326496833454277
MAHARASHTRA,MUMBAI,0.436294256,3085411,26578,0.008614087393867462,0.003758276850626383
MAHARASHTRA,MUMBAI,0.83288165,3085411,7912,0.002564326114089825,0.0021357801650412215
JHARKHAND,BOKARO,0.80061897,2062330,27906,0.013531297125096372,0.010833413167058619
JHARKHAND,DUMKA,0.750786441,1321442,13491,0.010209301656826406,0.007665005256024101
JHARKHAND,KODARMA,0.820456011,716259,17091,0.023861480274593408,0.019577294922648092
JHARKHAND,GUMLA,0.721928655,1025213,10875,0.010607551796553497,0.0076578956013287
JHARKHAND,GODDA,0.72634456,1313551,17832,0.013575415039081086,0.009860428863378734
JHARKHAND,HAZARIBAGH,0.741305381,1734495,43536,0.025100101182188476,0.01860684007000078
JHARKHAND,LOHARDAGA,0.788627414,461790,6532,0.014144957664739383,0.0111551013842829
JHARKHAND,DHANBAD,0.747665154,2684487,62372,0.02323423432484493,0.017371427384557273
JHARKHAND,GIRIDIH,0.74439911,2445474,44514,0.018202606120531234,0.013550003795804004
JHARKHAND,JAMTARA,0.811164307,791042,6801,0.008597520738469007,0.0069740019517383406
JHARKHAND,CHATRA,0.779443753,1042886,22570,0.021641866896285885,0.016868617955567534
JHARKHAND,PAKUR,0.636979896,900422,6718,0.007460946089722375,0.004752472664292965
JHARKHAND,DEOGHAR,0.793214244,1492073,26606,0.017831567222247168,0.014144253113529967
JHARKHAND,SIMDEGA,0.754904081,599578,3740,0.006237720530106175,0.004708880684314634
JHARKHAND,LATEHAR,0.770273294,726978,10016,0.013777583365658933,0.010612504522425712
JHARKHAND,SAHIBGANJ,0.763596563,1150567,13035,0.011329196822088588,0.008650935754897369
JHARKHAND,RANCHI,0.796065466,2914253,72878,0.02500743758349052,0.019907557453367298
JHARKHAND,RAMGARH,0.599010272,949443,14952,0.015748180775465193,0.009433322049816575
JHARKHAND,KHUNTI,0.849780143,531885,5299,0.009962679902610527,0.0084660875523036
CHHATTISGARH,BILASPUR,0.820651845,2663629,58402,0.02192572614279241,0.017993387612047326
CHHATTISGARH,RAIPUR,0.779684716,4063872,90137,0.02218007850640965,0.017293468211127712
CHHATTISGARH,SURGUJA,0.801407621,2359886,16291,0.006903299566165484,0.005532356882371013
CHHATTISGARH,RAIGARH,0.804715309,1493984,29993,0.02007585087925975,0.016155344543741432
CHHATTISGARH,DURG,0.779488164,3343872,43693,0.01306658867325065,0.010185251214655345
CHHATTISGARH,RAJNANDGAON,0.856532203,1537133,22509,0.014643495390444418,0.012542625366397702
CHHATTISGARH,MAHASAMUND,0.77169832,1032754,15029,0.014552352254263842,0.01123002578666362
CHHATTISGARH,UTTAR BASTAR KANKER,0.876749759,748941,6306,0.008419888883102942,0.007382135549067283
CHHATTISGARH,BASTAR,0.783996207,1413199,10105,0.007150443780387617,0.005605920802190632
CHHATTISGARH,DAKSHIN BASTAR DANTEWADA,0.925534584,533638,3000,0.005621788553288934,0.005203159730004235
ODISHA,CUTTACK,0.592237447,2624470,168311,0.06413142463049683,0.03798103119563836
ODISHA,NUAPADA,0.600994739,610382,12329,0.020198826308770575,0.012139388345545905
ODISHA,GANJAM,0.584473012,3529031,83841,0.023757513039698433,0.013885625203941819
ODISHA,KORAPUT,0.575233661,1379647,44035,0.03191758471551056,0.018360069106180783
ODISHA,DHENKANAL,0.641547066,1192811,43356,0.03634775333225465,0.023318794505999694
ODISHA,GAJAPATI,0.812739575,577817,6769,0.011714781669628966,0.009521066675392037
ODISHA,KALAHANDI,0.589842182,1576869,37116,0.02353778278347789,0.013883577156448633
ODISHA,SAMBALPUR,0.503144189,1041099,86627,0.08320726463093327,0.04186525168163931
ODISHA,JHARSUGUDA,0.504318995,579505,40564,0.06999767042562187,0.035301154801390844
ODISHA,KENDUJHAR,0.486442704,1801733,52690,0.029244066684686355,0.014225562874055147
ODISHA,PURI,0.492102651,1698730,56955,0.03352798855615666,0.016499212051182353
ODISHA,SUNDARGARH,0.558375623,2093437,92153,0.044019953788912686,0.02457966912131533
ODISHA,BALANGIR,0.580007064,1648997,47818,0.028998233471619415,0.016819180257060504
ODISHA,BHADRAK,0.472338384,1506337,98500,0.06539041396447143,0.030886402461069468
ODISHA,KANDHAMAL,0.748205375,733110,16434,0.022416826942750746,0.016772390409010924
ODISHA,BAUDH,0.709506913,441162,17642,0.03998984500024934,0.028373071477475392
ODISHA,MAYURBHANJ,0.580259524,2519738,75800,0.030082492703606484,0.017455652896928173
ODISHA,BARGARH,0.488870934,1481255,47320,0.03194588372697476,0.01561741401506155
GUJARAT,GANDHINAGAR,0.681030931,1391753,39619,0.028466976539658975,0.01938689153555911
GUJARAT,AHMADABAD,0.711885636,7214225,518580,0.07188298119340608,0.05117246178444393
GUJARAT,SURAT,0.671326148,6081322,140104,0.023038411713768817,0.015466288191842498
GUJARAT,MAHESANA,0.746211631,2035064,42702,0.020983123872271338,0.01565785108820263
GUJARAT,RAJKOT,0.743681642,3804558,101831,0.02676552703362651,0.01990503109336275
GUJARAT,AMRELI,0.786302565,1514190,20051,0.013242063413442171,0.010412268427882234
GUJARAT,BANAS KANTHA,0.783467771,3120506,33246,0.01065404136380446,0.00834709803944168
GUJARAT,BHARUCH,0.693941629,1551019,36282,0.02339236334306672,0.016232934724447607
GUJARAT,BHAVNAGAR,0.7143897,2880365,39377,0.013670836855745713,0.009766305040125123
GUJARAT,JAMNAGAR,0.738590879,2160119,26270,0.012161367035797566,0.008982274768811348
GUJARAT,JUNAGADH,0.740717065,2743082,23647,0.008620595374108394,0.006385422104062146
GUJARAT,KACHCHH,0.754669101,2092371,60873,0.02909283296317909,0.02195546209786553
GUJARAT,SABAR KANTHA,0.746765277,2428589,25172,0.01036486618361526,0.007740122166675382
GUJARAT,SURENDRANAGAR,0.766935138,1756268,22571,0.012851683228300008,0.009856407450228553
GUJARAT,VADODARA,0.726352968,4165626,99054,0.02377889901781869,0.017271873877364893
GUJARAT,NARMADA,0.858021355,590297,8798,0.014904361702668317,0.012788260623533576
GUJARAT,TAPI,0.79339331,807022,5366,0.006649137198242427,0.005275380970357685
GUJARAT,VALSAD,0.790704865,1705678,38770,0.02272996427227179,0.017972693331361488
MADHYA PRADESH,JABALPUR,0.733349203,2463289,147189,0.0597530375039226,0.04381984243033075
MADHYA PRADESH,NARSIMHAPUR,0.870155553,1091854,19377,0.017746878245626246,0.015442544653846577
MADHYA PRADESH,HOSHANGABAD,0.811140993,1241350,30078,0.024230072098924558,0.01965400474278326
MADHYA PRADESH,UMARIA,0.785603314,644758,10866,0.01685283470697533,0.013239642796094039
MADHYA PRADESH,PANNA,0.815461128,1016520,15879,0.015620942037539842,0.012738271014354858
MADHYA PRADESH,ALIRAJPUR,0.868518432,728999,7196,0.009871069781988727,0.00857320604921543
MADHYA PRADESH,JHABUA,0.83586369,1025048,16762,0.01635240496054819,0.013668381550698116
MADHYA PRADESH,SHAHDOL,0.75664293,1066063,29301,0.02748524242938738,0.020796514363531988
MADHYA PRADESH,DATIA,0.789460633,786754,16776,0.02132305650813342,0.01683371368840578
MADHYA PRADESH,RAJGARH,0.792205028,1545814,37115,0.02401000379088299,0.019020845725436566
MADHYA PRADESH,MORENA,0.721525829,1965970,50356,0.02561381913254017,0.018481032083462107
MADHYA PRADESH,SHAJAPUR,0.813400858,1512681,32305,0.021356122011184118,0.017371087967449846
MADHYA PRADESH,CHHINDWARA,0.794963136,2090922,37139,0.017762020773610877,0.014120151735886849
MADHYA PRADESH,SIDHI,0.725674501,1127033,32109,0.028489849010632343,0.020674356964355968
MADHYA PRADESH,ANUPPUR,0.800222642,749237,14768,0.019710719038168165,0.015772963664442627
MADHYA PRADESH,SHIVPURI,0.861735179,1726050,32586,0.018878943251933605,0.016268649542535846
MADHYA PRADESH,RAISEN,0.867880403,1331597,20994,0.01576603131427902,0.013683029610747095
MADHYA PRADESH,SEHORE,0.869927247,1311332,24904,0.018991376707042915,0.01652111605549777
MADHYA PRADESH,BALAGHAT,0.867067915,1701698,24037,0.014125303079629876,0.012247597089997756
MADHYA PRADESH,DAMOH,0.827978755,1264219,22062,0.01745109035697138,0.014449132067157667
MADHYA PRADESH,VIDISHA,0.770978755,1458875,31892,0.021860680318738755,0.01685412009559421
MADHYA PRADESH,BHIND,0.758170641,1703005,35431,0.020804988828570674,0.015773731716155266
MADHYA PRADESH,GUNA,0.813142066,1241519,31101,0.025050764426480788,0.020369830340627896
MADHYA PRADESH,SINGRAULI,0.652664678,1178273,40145,0.034071051445632716,0.022236971820885312
MADHYA PRADESH,SATNA,0.754143295,2228935,61065,0.02739649204665008,0.020660880783501985
MADHYA PRADESH,SEONI,0.785282014,1379131,24842,0.01801279211329453,0.014145121668491243
MADHYA PRADESH,MANDSAUR,0.80003428,1340411,38604,0.028800121753700916,0.02304108467113445
MADHYA PRADESH,TIKAMGARH,0.811178117,1445166,30249,0.020931159465417813,0.016978898521784348
MADHYA PRADESH,BETUL,0.847219895,1575362,24861,0.015781134748711723,0.013370091324784396
MADHYA PRADESH,DHAR,0.845116369,2185793,45615,0.020868856291515255,0.017636612054268176
MADHYA PRADESH,CHHATARPUR,0.792870665,1762375,36459,0.020687424640045395,0.016402452131490178
MADHYA PRADESH,DEWAS,0.795172613,1563715,39667,0.025367154500660287,0.02017126652866475
MADHYA PRADESH,MANDLA,0.842773471,1054905,13258,0.012567956356259569,0.010591940201741389
MADHYA PRADESH,RATLAM,0.795163012,1455069,44180,0.030362821282014806,0.024143392423424594
MADHYA PRADESH,SAGAR,0.734934409,2378458,67596,0.028420094027306768,0.02088690500768313
MADHYA PRADESH,GWALIOR,0.758902553,2032036,93571,0.04604790466310636,0.03494587240913202
MADHYA PRADESH,UJJAIN,0.68882532,1986864,72318,0.03639806247433141,0.025071907031261324
MADHYA PRADESH,REWA,0.656669486,2365106,87325,0.03692223519791502,0.024245705209385966
MADHYA PRADESH,INDORE,0.626908307,3276697,231780,0.07073586602606222,0.044344902014577484
MADHYA PRADESH,ASHOKNAGAR,0.8262027,845071,17220,0.020376986075726182,0.016835520913627375
MADHYA PRADESH,BURHANPUR,0.868390638,757847,10864,0.014335347372226848,0.012448681450519698
MADHYA PRADESH,BHOPAL,0.726933169,2371061,136361,0.05751054063982327,0.04180631955821002
KARNATAKA,BIDAR,0.809795461,1703300,35209,0.020671050314096166,0.0167393227184577
KARNATAKA,RAICHUR,0.825376614,1928812,37098,0.019233600786390793,0.01587496429209897
KARNATAKA,KOPPAL,0.854858402,1389920,37269,0.026813773454587315,0.02292197952697853
KARNATAKA,GADAG,0.869066545,1064570,20945,0.01967461040607945,0.017098545689832514
KARNATAKA,DHARWAD,0.775436634,1847023,51622,0.027948758624012804,0.02167249131188296
KARNATAKA,UTTARA KANNADA,0.781947993,1437169,41537,0.02890195933811542,0.02259982909820696
KARNATAKA,HAVERI,0.826893735,1597668,44489,0.02784621085231725,0.023025857297270143
KARNATAKA,CHITRADURGA,0.834195974,1659456,47754,0.02877690038181187,0.024005574442706526
KARNATAKA,DAVANAGERE,0.779474326,1945497,41997,0.021586771914837186,0.016826334488833444
KARNATAKA,UDUPI,0.798212664,1177361,35761,0.03037386154289126,0.024244800938118385
KARNATAKA,KOLAR,0.78201567,1536401,55239,0.035953504326019056,0.028116203774359694
KARNATAKA,MANDYA,0.699677445,1805769,90347,0.05003242385930869,0.035006558493038145
KARNATAKA,HASSAN,0.705467147,1776421,91765,0.051657236657301396,0.036442483366530234
KARNATAKA,DAKSHINA KANNADA,0.766429321,2089649,60312,0.028862263471042267,0.02212088499463403
KARNATAKA,KODAGU,0.786595173,554519,18791,0.033887026413883026,0.026655371404483888
KARNATAKA,RAMANAGARA,0.661081603,1082636,55773,0.05151592963840109,0.0340562333453894
KARNATAKA,CHIKKABALLAPURA,0.725011655,1255104,44619,0.03555004206822702,0.02577419483520489
KARNATAKA,YADGIR,0.779870085,1174271,23302,0.01984380096246948,0.015475586743324155
LAKSHADWEEP,LAKSHADWEEP,0.662637251,64473,45532903,706.2321126673181,467.975705705794
